aberrant	adjective
ability	noun_count
able	adjective
abomination	noun_count
absorption	noun_mass
acorn	noun_count
action	noun_count
activation	noun_count
active	adjective
add	verb
addition	noun_count
additional	adjective
advanced	adjective
again	adverb
agent	noun_count
aim	noun_count
aim	verb
alien	adjective
allure	noun_count
alluring	adjective
alone	adverb
alpine	adjective
already	adverb
amount	noun_count
animal	noun_count
animate	verb
animus	noun_count
annihilation	noun_count
anomaly	noun_count
anywhere	adverb
arabian	adjective
arcane	adjective
arcanist	noun_count
arcanum	noun_count
archangel	noun_count
archery	noun_count
architect	noun_count
arena	noun_count
array	noun_count
arrow	noun_count
arrowhead	noun_count
art	noun_count
artisan	noun_count
ascendant	noun_count
ascension	noun_count
ashcoat	noun_count
assault	noun_count
assign	verb
astral	adjective
atomic	adjective
attack	noun_count
attack	verb
attacker	noun_count
avalanche	noun_count
avenger	noun_count
avoidance	noun_count
awakening	noun_count
baby	noun_count
back	noun_count
backstory	noun_count
bad	adjective
bait	noun_count
ballad	noun_count
ballistic	adjective
band	noun_count
banishment	noun_count
bardic	adjective
barge	noun_count
barrage	noun_count
base	noun_count
battle-ready	adjective
battlefield	noun_count
beacon	noun_count
beam	noun_count
beau	noun_count
bebop	noun_count
beginning	noun_count
believe	verb
benediction	noun_count
berserk	adjective
betrayal	noun_count
betrayer	noun_count
bewitching	adjective
blackjack	noun_count
blade	noun_count
blaze	noun_count
blessing	noun_count
blight	noun_count
blitzball	noun_count
blizzaga	noun_count
blizzara	noun_count
blizzard	noun_count
block	noun_count
block	verb
blocker	noun_count
blocks	noun_count
bloodline	noun_count
bloodstain	noun_count
blow	noun_count
body	noun_count
body-print	noun_count
bogbrew	noun_count
bolt	noun_count
boon	noun_count
booster	noun_count
bottom	noun_count
boulder	noun_count
bounty	noun_count
bow	noun_count
box	noun_count
brain	noun_count
braingeyser	noun_count
brambleweft	noun_count
brand-new	adjective
brave	adjective
brawl	noun_count
breath	noun_count
breathe	verb
breathstealer	noun_count
bribe	noun_count
bribery	noun_count
brick	noun_count
bride	noun_count
brightflame	noun_count
brightspear	noun_count
brimstone	noun_count
brood	noun_count
brotherhood	noun_count
bubbling	adjective
bull	noun_count
burden	noun_count
burn	verb
burning	noun_count
burst	noun_count
businessperson	noun_count
butterfly	noun_count
cage	noun_count
cake	noun_count
call	verb
caller	noun_count
camouflage	noun_count
campaign	noun_count
cannon	noun_count
cap	noun_count
captain	noun_count
card	noun_count
carnage	noun_count
carnivore	noun_count
carrion	noun_count
cast	noun_count
casting	noun_count
cause	noun_count
cause	verb
ceaseless	adjective
celestial	adjective
cell	noun_count
centurion	noun_count
ceremorphosis	noun_count
chain	noun_count
chainsword	noun_count
chakram	noun_count
chalice	noun_count
challenge	noun_count
change	noun_count
chant	noun_count
chaos	noun_count
chapter	noun_count
character	noun_count
characteristics	noun_count
charge	noun_count
charge	verb
cheer	noun_count
chef	noun_count
chest	noun_count
chimney	noun_count
chittering	adjective
choice	noun_count
choose	verb
circle	noun_count
city	noun_count
civil	adjective
climb	verb
cloak	noun_count
code	noun_count
coexistence	noun_count
coil	noun_count
coin	noun_count
cold	adjective
collect	verb
collection	noun_count
color	noun_count
colored	adjective
colorless	adjective
combat	noun_count
combination	noun_count
combine	verb
command	noun_count
commander	noun_count
commit	verb
complete	adjective
component	noun_count
compression	noun_count
conceal	verb
condemnation	noun_count
cone	noun_count
conqueror	noun_count
consequence	noun_count
consequences	noun_count
consume	verb
contact	noun_count
continue	verb
contraband	noun_count
contract	noun_count
control	noun_count
controller	noun_count
cookbook	noun_count
coordinator	noun_count
copy	noun_count
copy	verb
copying	noun_count
cordyceps	noun_count
corpse	noun_count
correctly	adverb
corrupter	noun_count
corruption	noun_count
cost	noun_count
cost	verb
council	noun_count
count	noun_count
count	verb
counter	noun_count
courage	noun_count
crash	verb
credit	noun_count
crescent	noun_count
crime	noun_count
croak	verb
cross	noun_count
crossing	noun_count
crown	noun_count
crushing	adjective
cry	noun_count
cry	verb
crystal	noun_count
cube	noun_count
cult	noun_count
cumulative	adjective
cunning	adjective
cur	noun_count
cure	noun_count
cure	verb
currency	noun_count
current	adjective
cutter	noun_count
cycle	noun_count
cycle	verb
daemon	noun_count
dark	adjective
darkforce	noun_count
darkness	noun_count
darkstar	noun_count
dart	noun_count
date	noun_count
date	verb
day	noun_count
dead	adjective
deal	noun_count
deal	verb
dealing	noun_count
death	noun_count
decay	adjective
decay	verb
deceiver	noun_count
deception	noun_count
decide	verb
decimate	verb
deck	noun_count
declare	verb
decrease	noun_count
decrease	verb
defense	noun_count
delay	noun_count
delay	verb
deliverance	noun_count
denial	noun_count
depletion	noun_count
depth	noun_count
descent	noun_count
despair	noun_count
determine	verb
detonate	verb
devastating	adjective
devotion	noun_count
devourer	noun_count
devouring	adjective
dialogue	noun_count
diamond	noun_count
difference	noun_count
different	adjective
dilemma	noun_count
direction	noun_count
disarm	verb
discard	noun_count
discovery	noun_count
disenchant	verb
disintegration	noun_count
disintegrator	noun_count
dispel	verb
displacement	noun_count
dissolve	verb
distract	verb
distribute	verb
dive	noun_count
dive	verb
diversion	noun_count
divide	verb
divine	noun_count
divine	verb
divinity	noun_count
dominate	verb
dominion	noun_count
doom	noun_count
doom	verb
door	noun_count
double	adjective
double	noun_count
double-faced	adjective
draft	noun_count
draft	verb
dragonfire	noun_count
dragonstorm	noun_count
drain	noun_count
drain	verb
dread	noun_count
dream	noun_count
dream	verb
dualcast	noun_count
duplication	noun_count
duplicity	noun_count
dust	noun_count
duty	noun_count
earth	noun_count
ecliptic	noun_count
effect	noun_count
elevator	noun_count
elixir	noun_count
emblem	noun_count
end	noun_count
end	verb
endless	adjective
engine	noun_count
enhancement	noun_count
enthralling	adjective
entity	noun_count
eon	noun_count
equal	adjective
eternity	noun_count
etherium	noun_count
even	adjective
even	adverb
evenly	adverb
everflame	noun_count
evidence	noun_count
exactly	adverb
excess	noun_count
exchange	noun_count
execution	noun_count
executioner	noun_count
exile	noun_count
expend	verb
experience	noun_count
experience	verb
exterminate	verb
exterminator	noun_count
extra	adjective
eyeball	noun_count
face	noun_count
face	verb
faith	noun_count
fancy	noun_count
fang	noun_count
fate	noun_count
fateful	adjective
fateseal	noun_count
father	noun_count
fathomless	adjective
fearless	adjective
feather	noun_count
feeder	noun_count
feeding	noun_count
fellowship	noun_count
fend	verb
feral	adjective
festering	noun_count
fetch	verb
fierce	adjective
fight	noun_count
fighting	noun_count
final	noun_count
finality	noun_count
finery	noun_count
finish	verb
fire	noun_count
fire	verb
firebend	verb
flame	noun_count
flare	noun_count
flare	verb
flayer	noun_count
flesh	noun_count
flint	noun_count
flip	verb
flood	noun_count
flood	verb
focus	noun_count
focus	verb
foe	noun_count
foil	noun_count
foil	verb
forage	noun_count
foraging	noun_count
foresight	noun_count
foretelling	noun_count
form	noun_count
form	verb
formula	noun_count
fortified	adjective
fortune	noun_count
founding	noun_count
free	adjective
freedom	noun_count
frenzied	adjective
friend	noun_count
front	noun_count
frost	noun_count
full	adjective
fully	adverb
fury	noun_count
future	noun_count
gain	verb
game	noun_count
garrison	noun_count
gas	noun_count
gather	verb
gauntlets	noun_count
gem	noun_count
genesis	noun_count
genestealer	noun_count
genius	noun_count
gestalt	noun_count
gigaflare	noun_count
girl	noun_count
godsire	noun_count
golden	adjective
grand	adjective
grant	verb
grav-cannon	noun_count
grave	noun_count
graveyard	noun_count
great	adjective
grenade	noun_count
group	noun_count
growl	noun_count
growl	verb
growth	noun_count
guard	noun_count
guard	verb
guardian	noun_count
guess	noun_count
guess	verb
guidance	noun_count
guide	noun_count
guide	verb
guilty	adjective
gutpipes	noun_count
hailer	noun_count
hand	noun_count
harbinger	noun_count
harmony	noun_count
harness	noun_count
harrier	noun_count
harvest	noun_count
harvest	verb
hatching	noun_count
hatchling	noun_count
haunt	verb
healing	noun_count
heart	noun_count
heaven	noun_count
heavy	adjective
heckle	verb
hellkite	noun_count
helm	noun_count
heresy	noun_count
hide	noun_count
high	adjective
higher	adjective
highest	adjective
hire	verb
historic	adjective
history	noun_count
hit	noun_count
hive	noun_count
hollow	noun_count
horde	noun_count
hornet	noun_count
horrific	adjective
host	noun_count
hour	noun_count
howl	noun_count
howl	verb
humble	adjective
hunger	noun_count
hunger	verb
hunt	noun_count
hunt	verb
hunter	noun_count
hyperfrag	noun_count
hyperphase	noun_count
hypertoxic	adjective
ice	noun_count
icy	adjective
identity	noun_count
ignore	verb
illegal	adjective
illumination	noun_count
illusions	noun_count
image	noun_count
imaginary	adjective
immediately	adverb
immune	adjective
impetuous	adjective
important	adjective
impossible	adjective
impostor	noun_count
impound	verb
incarnate	adjective
incarnate	noun_count
incinerator	noun_count
increase	noun_count
increase	verb
incubation	noun_count
infection	noun_count
infesting	noun_count
influence	noun_count
influence	verb
information	noun_count
ingenious	adjective
ingenuity	noun_count
ingredient	noun_count
initiative	noun_count
insight	noun_count
inspiration	noun_count
instance	noun_count
intel	noun_count
intellect	noun_count
intelligence	noun_count
interrogate	verb
intervention	noun_count
invasion	noun_count
inventory	noun_count
inversion	noun_count
invitation	noun_count
invoke	verb
isolation	noun_count
item	noun_count
javelin	noun_count
job	noun_count
join	verb
jolly	adjective
journal	noun_count
journey	noun_count
judgment	noun_count
jump	noun_count
jump	verb
just	adjective
just	adverb
keen	adjective
keeper	noun_count
kick	noun_count
kick	verb
kind	adjective
kind	noun_count
kiss	noun_count
kiss	verb
knowledge	noun_mass
label	noun_count
lander	noun_count
landing	noun_count
landmark	noun_count
laserbeak	noun_count
last	adjective
law	noun_count
leader	noun_count
leading	adjective
leap	noun_count
leap	verb
least	adjective
least	adverb
leave	verb
legal	adjective
legion	noun_count
lethal	adjective
lethality	noun_count
ley	noun_count
library	noun_count
life	noun_count
lift	noun_count
lift	verb
light	adjective
light	noun_count
lightbringer	noun_count
lightning	noun_count
like	verb
living	adjective
lock	noun_count
lock	verb
look	noun_count
look	verb
loud	adjective
love	noun_count
lower	adjective
lowest	adjective
loyal	adjective
loyalty	noun_count
luck	noun_count
lucky	adjective
lunge	noun_count
lunge	verb
lure	noun_count
lure	verb
machina	noun_count
magic	noun_count
magical	adjective
main	adjective
main	noun_count
mana	noun_count
manalith	noun_count
mandibles	noun_count
manifest	noun_count
manifestation	noun_count
mannequin	noun_count
mantle	noun_count
mark	noun_count
mark	verb
mask	noun_count
mastery	noun_count
match	noun_count
match	verb
mate	noun_count
mate	verb
matter	noun_count
matter	verb
maximum	adjective
meld	noun_count
memory	noun_count
merchant	noun_count
mercy	noun_count
metal	noun_count
metallic	adjective
meteor	noun_count
meteorite	noun_count
miasma	noun_count
midnight	noun_count
mightstone	noun_count
mill	noun_count
mind	noun_count
mind-mage	noun_count
minimum	adjective
mining	noun_count
monarch	noun_count
money	noun_count
monocolored	adjective
monster	noun_count
monstrosity	noun_count
monstrous	adjective
moon	noun_count
move	verb
mug	noun_count
mug	verb
mulligan	noun_count
mulligan	verb
muscle	noun_count
muscle	verb
muster	verb
mutagen	noun_count
mutavault	noun_count
name	noun_count
name	verb
natural	adjective
nature	noun_count
negative	adjective
nest	noun_count
nest	verb
net	noun_count
new	adjective
newt	noun_count
next	adjective
next	adverb
night	noun_count
noble	adjective
node	noun_count
note	noun_count
note	verb
notebook	noun_count
nova	noun_count
oathsworn	adjective
oathsworn	noun_count
oblivion	noun_count
odd	adjective
offer	noun_count
offer	verb
oil	noun_count
once	adverb
only	adjective
only	adverb
open	adjective
open	verb
opening	noun_count
order	noun_count
outside	adverb
overdrive	noun_count
overlord	noun_count
owner	noun_count
pack	noun_count
pack	verb
pact	noun_count
page	noun_count
pain	noun_count
pair	noun_count
pair	verb
paladin	noun_count
parade	noun_count
parade	verb
paragon	noun_count
paralyzation	noun_count
part	noun_count
particle	noun_count
party	noun_count
pass	noun_count
pass	verb
patrol	noun_count
patrol	verb
pay	noun_count
pay	verb
paying	noun_count
pays	noun_count
peace	noun_count
peaceful	adjective
peer	noun_count
peer	verb
perfect	adjective
performance	noun_count
permanent	noun_count
petal	noun_count
petrification	noun_count
phalanx	noun_count
phase	noun_count
phase	verb
phased	adjective
pheromone	noun_count
phylactery	noun_count
phyrexian	adjective
pick	noun_count
pick	verb
piece	noun_count
pile	noun_count
pile	verb
pin	noun_count
pin	verb
place	noun_count
place	verb
plague	noun_count
plague	verb
plaguebearer	noun_count
planar	adjective
planeswalk	noun_count
plasma	noun_count
play	noun_count
plot	noun_count
plunderer	noun_count
point	noun_count
point	verb
poison	noun_count
poison	verb
poisoned	adjective
polymorphine	noun_count
polyp	noun_count
pond	noun_count
pool	noun_count
position	noun_count
possession	noun_count
possible	adjective
postcombat	adjective
power	noun_count
pox	noun_count
praesidium	noun_count
pray	verb
prepared	adjective
prerogative	noun_count
present	adjective
present	noun_count
present	verb
pressure	noun_count
prevent	verb
prey	noun_count
prey	verb
pridemate	noun_count
prime	adjective
primo	adjective
prince	noun_count
prismatic	adjective
prisoner	noun_count
process	noun_count
process	verb
proclamator	noun_count
produce	verb
profit	noun_count
profit	verb
project	noun_count
project	verb
projection	noun_count
promised	adjective
protect	verb
protector	noun_count
protege	noun_count
protocol	noun_count
proud	adjective
pry	verb
psionic	adjective
psychic	adjective
psychic	noun_count
psychosis	noun_count
puff	noun_count
punch	noun_count
punch	verb
pupa	noun_count
quality	noun_count
quest	noun_count
quill	noun_count
rage	noun_count
rager	noun_count
raise	verb
random	adjective
rapid	adjective
rappel	noun_count
rappel	verb
raptor	noun_count
ray	noun_count
realm	noun_count
rebirth	noun_count
recovery	noun_count
recruiter	noun_count
redeemer	noun_count
redistribute	verb
reduce	verb
reflexes	noun_count
regeneration	noun_count
regrowth	noun_count
rejuvenation	noun_count
relay	noun_count
relay	verb
release	noun_count
release	verb
relentless	adjective
relic	noun_count
reliquary	noun_count
remain	verb
remains	noun_count
remove	verb
renewer	noun_count
reorder	verb
repair	noun_count
repair	verb
repeat	verb
repose	noun_count
reprieve	noun_count
reprogramming	noun_count
reroll	verb
reselect	verb
resolve	verb
rest	noun_count
rest	verb
restart	verb
result	noun_count
result	verb
retreat	noun_count
retreat	verb
retribution	noun_count
retriever	noun_count
return	noun_count
return	verb
reunion	noun_count
revelation	noun_count
reverberating	adjective
revival	noun_count
ribbon	noun_count
rider	noun_count
right	adjective
right	adverb
ring	noun_count
rising	noun_count
ritual	noun_count
rock	noun_count
rock	verb
rod	noun_count
roll	noun_count
roll	verb
rope	noun_count
rust	noun_count
ruthless	adjective
sacrifice	noun_count
sage	adjective
sage	noun_count
sainted	adjective
sarcophagus	noun_count
savage	adjective
save	verb
scavenger	noun_count
scepter	noun_count
scheming	noun_count
science	noun_count
scorching	adjective
scrap	noun_count
scrap	verb
scream	noun_count
scream	verb
scrying	noun_count
sculptor	noun_count
search	noun_count
search	verb
secret	noun_count
secretary	noun_count
secretly	adverb
section	noun_count
sector	noun_count
security	noun_count
select	verb
senses	noun_count
sentinel	noun_count
servant	noun_count
set	noun_count
set	verb
settlement	noun_count
share	noun_count
share	verb
shelter	noun_count
shield	noun_count
shield	verb
shieldwall	noun_count
shuffle	noun_count
sickle	noun_count
sickness	noun_count
single	adjective
size	noun_count
sketch	noun_count
sketch	verb
skewer	noun_count
skewer	verb
skilled	adjective
skip	verb
skull	noun_count
sky	noun_count
skyshark	noun_count
skyswarm	noun_count
sleep	noun_count
sleight	noun_count
slime	noun_count
slinger	noun_count
slipstream	noun_count
slots	noun_count
slumber	noun_count
smaller	adjective
smash	noun_count
smash	verb
smasher	noun_count
smear	noun_count
smear	verb
smoke	noun_count
smoke	verb
snack	noun_count
snap	verb
snitch	noun_count
snow	noun_count
solve	verb
sorcerous	adjective
soul	noun_count
soulblade	noun_count
source	noun_count
sovereign	noun_count
spark	noun_count
sparkmage	noun_count
spear	noun_count
species	noun_count_or_mass
speed	noun_count
spell	noun_count
spellgorger	noun_count
spend	verb
spending	noun_count
spiritual	adjective
spite	noun_count
spitting	noun_count
spore	noun_count
spores	noun_count
sprite	noun_count
sprout	noun_count
sprout	verb
stack	noun_count
stair	noun_count
stairs	noun_count
stakes	noun_count
stalker	noun_count
stalking	adjective
stall	noun_count
stall	verb
stalwart	adjective
stampede	noun_count
stampede	verb
stand	noun_count
standoff	noun_count
start	noun_count
start	verb
starting	noun_count
stash	noun_count
statue	noun_count
step	noun_count
step	verb
sticker	noun_count
still	adverb
stimpak	noun_count
stimulus	noun_count
stop	noun_count
stop	verb
storage	noun_count
store	noun_count
store	verb
story	noun_count
strategic	adjective
strategist	noun_count
strength	noun_count
strife	noun_count
strike	noun_count
study	noun_count
study	verb
stun	noun_count
stun	verb
stunning	adjective
style	noun_count
subterranean	adjective
subtract	verb
subtype	noun_count
summary	noun_count
summon	verb
summons	noun_count
sundering	adjective
sunlit	adjective
super	adjective
supertype	noun_count
supply	noun_count
supply	verb
support	noun_count
survey	noun_count
survey	verb
suspect	noun_count
suspended	adjective
swap	noun_count
swap	verb
swarm	noun_count
swarm	verb
switch	noun_count
switch	verb
sword	noun_count
symbiosis	noun_count
symbol	noun_count
symphony	noun_count
synapse	noun_count
synaptic	adjective
tactic	noun_count
tactician	noun_count
tactics	noun_count
tail	noun_count
takeover	noun_count
talking	noun_count
tapped	adjective
target	noun_count
target	verb
targeted	adjective
targeting	noun_count
task	noun_count
tax	noun_count
tax	verb
teacher	noun_count
teammates	noun_count
tear	noun_count
tears	noun_count
telepathy	noun_count
teleport	verb
tempest	noun_count
temporal	adjective
temporal	noun_count
tempt	verb
tempted	adjective
tempting	adjective
test	noun_count
text	noun_count
theft	noun_count
thing	noun_count
thinking	noun_count
threaten	verb
throne	noun_count
throw	noun_count
thundaga	noun_count
thundara	noun_count
thunder	noun_count
tide	noun_count
tie	noun_count
tie	verb
tied	adjective
time	noun_count
timebender	noun_count
timeless	adjective
tinkering	noun_count
tiny	adjective
token	noun_count
tomb	noun_count
tombspawn	noun_count
tongue	noun_count
top	adjective
top	noun_count
total	noun_count
trace	noun_count
trace	verb
trader	noun_count
tragic	adjective
trail	noun_count
trail	verb
trainer	noun_count
trance	noun_count
translocation	noun_count
transmutation	noun_count
trapped	adjective
travel	noun_count
travel	verb
trickster	noun_count
trigger	noun_count
trigger	verb
triple	adjective
true	adjective
truth	noun_count
tunnel	noun_count
turn	noun_count
turn	verb
twice	adverb
type	noun_count
types	noun_count
ultimate	adjective
umbra	noun_count
unattach	verb
unblocked	adjective
unchanged	adjective
undead	noun_count
underworld	noun_count
unearthly	adjective
unity	noun_count
universe	noun_count
unlock	verb
unopened	adjective
unprepared	adjective
unquestionable	adjective
unspent	adjective
untap	noun_count
untapped	adjective
upkeep	noun_count
used	adjective
valor	noun_count
value	noun_count
veil	noun_count
veiled	adjective
velocity	noun_count
vengeance	noun_count
venom	noun_count
venture	noun_count
venture	verb
visions	noun_count
visit	verb
vitality	noun_count
voice	noun_count
vote	noun_count
voyage	noun_count
voyage	verb
voyager	noun_count
wage	noun_count
wage	verb
walk	noun_count
walk	verb
walker	noun_count
war	noun_count
warden	noun_count
warped	adjective
wasp	noun_count
wasteland	noun_count
wastes	noun_count
watchdog	noun_count
water	noun_count
waterbending	noun_count
wave	noun_count
weakstone	noun_count
weapon	noun_count
weaver	noun_count
web	noun_count
weird	adjective
whirlwind	noun_count
whispers	noun_count
wild	adjective
win	noun_count
win	verb
wind	noun_count
wind	verb
wings	noun_count
wish	noun_count
wish	verb
witch	noun_count
witness	noun_count
witness	verb
wood	noun_count
word	noun_count
worker	noun_count
world	noun_count
worship	noun_count
worship	verb
wounds	noun_count
writhing	adjective
wrong	adjective
zone	noun_count
